model_id,dataset,k_trigger,clean_acc_golden,clean_acc_backdoor,clean_accuracy_drop,asr,depth_golden,depth_backdoor
digits01_z_r1_q4_s0,digits01,1,0.9722222222222222,0.5185185185185185,0.4537037037037037,1.0,10,22
digits01_z_r1_q4_s0,digits01,2,0.9722222222222222,0.7037037037037037,0.2685185185185185,1.0,10,22
digits01_z_r1_q4_s0,digits01,3,0.9722222222222222,1.0,-0.02777777777777779,1.0,10,22
digits01_z_r1_q4_s1,digits01,1,0.9814814814814815,0.5277777777777778,0.4537037037037037,1.0,10,22
digits01_z_r1_q4_s1,digits01,2,0.9814814814814815,0.5277777777777778,0.4537037037037037,1.0,10,22
digits01_z_r1_q4_s1,digits01,3,0.9814814814814815,0.8981481481481481,0.08333333333333337,1.0,10,22
digits01_z_r1_q4_s2,digits01,1,0.8981481481481481,0.5925925925925926,0.3055555555555556,1.0,10,22
digits01_z_r1_q4_s2,digits01,2,0.8981481481481481,0.7037037037037037,0.19444444444444442,1.0,10,22
digits01_z_r1_q4_s2,digits01,3,0.8981481481481481,1.0,-0.10185185185185186,1.0,10,22
digits01_z_r2_q4_s0,digits01,1,1.0,0.49074074074074076,0.5092592592592593,1.0,13,25
digits01_z_r2_q4_s0,digits01,2,1.0,0.6481481481481481,0.35185185185185186,0.9833333333333333,13,25
digits01_z_r2_q4_s0,digits01,3,1.0,0.9537037037037037,0.04629629629629628,1.0,13,25
digits01_z_r2_q4_s1,digits01,1,0.9907407407407407,0.49074074074074076,0.49999999999999994,1.0,13,25
digits01_z_r2_q4_s1,digits01,2,0.9907407407407407,0.6203703703703703,0.37037037037037035,1.0,13,25
digits01_z_r2_q4_s1,digits01,3,0.9907407407407407,0.9074074074074074,0.08333333333333326,1.0,13,25
digits01_z_r2_q4_s2,digits01,1,0.9166666666666666,0.5833333333333334,0.33333333333333326,1.0,13,25
digits01_z_r2_q4_s2,digits01,2,0.9166666666666666,0.6944444444444444,0.2222222222222222,1.0,13,25
digits01_z_r2_q4_s2,digits01,3,0.9166666666666666,1.0,-0.08333333333333337,1.0,13,25
digits01_z_r3_q4_s0,digits01,1,1.0,0.49074074074074076,0.5092592592592593,1.0,16,28
digits01_z_r3_q4_s0,digits01,2,1.0,0.6851851851851852,0.31481481481481477,1.0,16,28
digits01_z_r3_q4_s0,digits01,3,1.0,0.9537037037037037,0.04629629629629628,1.0,16,28
digits01_z_r3_q4_s1,digits01,1,0.9907407407407407,0.49074074074074076,0.49999999999999994,1.0,16,28
digits01_z_r3_q4_s1,digits01,2,0.9907407407407407,0.6481481481481481,0.34259259259259256,1.0,16,28
digits01_z_r3_q4_s1,digits01,3,0.9907407407407407,0.9074074074074074,0.08333333333333326,1.0,16,28
digits01_z_r3_q4_s2,digits01,1,1.0,0.49074074074074076,0.5092592592592593,1.0,16,28
digits01_z_r3_q4_s2,digits01,2,1.0,0.6018518518518519,0.39814814814814814,1.0,16,28
digits01_z_r3_q4_s2,digits01,3,1.0,0.9166666666666666,0.08333333333333337,0.7833333333333333,16,28
breast_cancer_z_r1_q4_s0,breast_cancer,1,0.9064327485380117,0.6198830409356725,0.2865497076023392,1.0,10,22
breast_cancer_z_r1_q4_s0,breast_cancer,2,0.9064327485380117,0.7602339181286549,0.14619883040935677,1.0,10,22
breast_cancer_z_r1_q4_s0,breast_cancer,3,0.9064327485380117,0.9005847953216374,0.005847953216374324,1.0,10,22
breast_cancer_z_r1_q4_s1,breast_cancer,1,0.8421052631578947,0.6491228070175439,0.1929824561403508,1.0,10,22
breast_cancer_z_r1_q4_s1,breast_cancer,2,0.8421052631578947,0.7602339181286549,0.08187134502923976,0.9833333333333333,10,22
breast_cancer_z_r1_q4_s1,breast_cancer,3,0.8421052631578947,0.8070175438596491,0.03508771929824561,1.0,10,22
breast_cancer_z_r1_q4_s2,breast_cancer,1,0.9064327485380117,0.6374269005847953,0.26900584795321636,1.0,10,22
breast_cancer_z_r1_q4_s2,breast_cancer,2,0.9064327485380117,0.7660818713450293,0.14035087719298245,0.9833333333333333,10,22
breast_cancer_z_r1_q4_s2,breast_cancer,3,0.9064327485380117,0.9005847953216374,0.005847953216374324,1.0,10,22
breast_cancer_z_r2_q4_s0,breast_cancer,1,0.9005847953216374,0.6198830409356725,0.2807017543859649,1.0,13,25
breast_cancer_z_r2_q4_s0,breast_cancer,2,0.9005847953216374,0.7134502923976608,0.1871345029239766,1.0,13,25
breast_cancer_z_r2_q4_s0,breast_cancer,3,0.9005847953216374,0.8947368421052632,0.005847953216374213,0.9333333333333333,13,25
breast_cancer_z_r2_q4_s1,breast_cancer,1,0.8362573099415205,0.6783625730994152,0.1578947368421053,1.0,13,25
breast_cancer_z_r2_q4_s1,breast_cancer,2,0.8362573099415205,0.7543859649122807,0.08187134502923976,0.9666666666666667,13,25
breast_cancer_z_r2_q4_s1,breast_cancer,3,0.8362573099415205,0.847953216374269,-0.011695906432748537,0.9666666666666667,13,25
breast_cancer_z_r2_q4_s2,breast_cancer,1,0.9181286549707602,0.6374269005847953,0.2807017543859649,1.0,13,25
breast_cancer_z_r2_q4_s2,breast_cancer,2,0.9181286549707602,0.8830409356725146,0.03508771929824561,0.9666666666666667,13,25
breast_cancer_z_r2_q4_s2,breast_cancer,3,0.9181286549707602,0.9239766081871345,-0.005847953216374213,1.0,13,25
breast_cancer_z_r3_q4_s0,breast_cancer,1,0.9181286549707602,0.6374269005847953,0.2807017543859649,0.9833333333333333,16,28
breast_cancer_z_r3_q4_s0,breast_cancer,2,0.9181286549707602,0.7017543859649122,0.216374269005848,0.7166666666666667,16,28
breast_cancer_z_r3_q4_s0,breast_cancer,3,0.9181286549707602,0.9181286549707602,0.0,1.0,16,28
breast_cancer_z_r3_q4_s1,breast_cancer,1,0.8888888888888888,0.631578947368421,0.2573099415204678,1.0,16,28
breast_cancer_z_r3_q4_s1,breast_cancer,2,0.8888888888888888,0.8421052631578947,0.04678362573099415,0.9166666666666666,16,28
breast_cancer_z_r3_q4_s1,breast_cancer,3,0.8888888888888888,0.8888888888888888,0.0,0.9833333333333333,16,28
breast_cancer_z_r3_q4_s2,breast_cancer,1,0.8947368421052632,0.6257309941520468,0.26900584795321636,1.0,16,28
breast_cancer_z_r3_q4_s2,breast_cancer,2,0.8947368421052632,0.7076023391812866,0.1871345029239766,0.9333333333333333,16,28
breast_cancer_z_r3_q4_s2,breast_cancer,3,0.8947368421052632,0.8830409356725146,0.011695906432748537,0.9833333333333333,16,28
