vectorizer,classifier,cv,n_splits,accuracy_mean,accuracy_std,balanced_accuracy_mean,balanced_accuracy_std,precision_mean,precision_std,recall_mean,recall_std,f1_mean,f1_std,f1_macro_mean,f1_macro_std,roc_auc_mean,roc_auc_std,seed
count,logreg,group,5,0.9781655844155843,0.019122797821593804,0.9883549783549783,0.010198825504850023,1.0,0.0,0.9767099567099568,0.020397651009700053,0.98811003173029,0.010441423754781985,0.9271105331540278,0.06225345957155024,1.0,0.0,0
count,linsvc,group,5,1.0,0.0,1.0,0.0,1.0,0.0,1.0,0.0,1.0,0.0,1.0,0.0,1.0,0.0,0
count,multinb,group,5,0.3953192640692641,0.06904348414792792,0.6253823953823954,0.054141991031241676,0.9826876513317192,0.021736545581865687,0.36245310245310247,0.07888108489256018,0.5241190955988436,0.08245712318115371,0.3396783066007054,0.043628444120768314,0.7095870267298838,0.06083000249576787,0
count,complnb,group,5,0.3953192640692641,0.06904348414792792,0.6253823953823954,0.054141991031241676,0.9826876513317192,0.021736545581865687,0.36245310245310247,0.07888108489256018,0.5241190955988436,0.08245712318115371,0.3396783066007054,0.043628444120768314,0.7095870267298838,0.06083000249576787,0
tfidf,logreg,group,5,0.47973484848484854,0.041459752161200784,0.5891919191919192,0.0566112914837053,0.9626294559415578,0.019779501187747454,0.4640981240981241,0.05253162671628636,0.6239598932478382,0.04539545779390557,0.3846113271778647,0.018604893489159252,0.6517453446024876,0.03641524604125291,0
tfidf,linsvc,group,5,0.344237012987013,0.0333446634199141,0.6108658008658009,0.05737057981387293,0.9827551020408164,0.024027091470493145,0.30614718614718617,0.03572570837781669,0.4656148542157318,0.041793757365084984,0.30712564894786876,0.025026593537332276,0.8408219486141565,0.08854225254949218,0
tfidf,multinb,group,5,0.2018668831168831,0.11645495623128929,0.5222077922077922,0.03982486349321891,0.5757352941176471,0.47060891498679863,0.1561038961038961,0.13163522016379753,0.24409967041799208,0.2032425014793944,0.18318699177996461,0.10271023392124372,0.6779147067458756,0.031185763029326196,0
tfidf,complnb,group,5,0.2018668831168831,0.11645495623128929,0.5222077922077922,0.03982486349321891,0.5757352941176471,0.47060891498679863,0.1561038961038961,0.13163522016379753,0.24409967041799208,0.2032425014793944,0.18318699177996461,0.10271023392124372,0.6779147067458756,0.031185763029326196,0
count,logreg,stratified,5,0.9913244533802462,0.005483727700231185,0.9953703703703705,0.0029280348705262903,1.0,0.0,0.9907407407407407,0.005856069741052545,0.9953401434470768,0.0029554188628660694,0.9662374476100632,0.020491033991065465,1.0,0.0,0
count,linsvc,stratified,5,1.0,0.0,1.0,0.0,1.0,0.0,1.0,0.0,1.0,0.0,1.0,0.0,1.0,0.0,0
count,multinb,stratified,5,0.4392544190332579,0.07214598199401802,0.5886042969376303,0.04895612804537251,0.9639144829332202,0.01425638903820747,0.4179012345679013,0.08195243619628599,0.5781439199825973,0.07827460113350455,0.3615098985660646,0.041670616115493386,0.6229724493613382,0.0657814854909719,0
count,complnb,stratified,5,0.4392544190332579,0.07214598199401802,0.5886042969376303,0.04895612804537251,0.9639144829332202,0.01425638903820747,0.4179012345679013,0.08195243619628599,0.5781439199825973,0.07827460113350455,0.3615098985660646,0.041670616115493386,0.6229724493613382,0.06578148549097186,0
tfidf,logreg,stratified,5,0.5070151629387618,0.05458064222893263,0.5295574795574796,0.0816836174819298,0.9453296236247672,0.019162248898246623,0.5037037037037038,0.06422126816612325,0.6546228962199706,0.05286384866512037,0.38801118804086165,0.027444999529038144,0.5695687029020362,0.056708159049259736,0
tfidf,linsvc,stratified,5,0.5544307614978637,0.04722910166282815,0.6457872374539042,0.04971018122914045,0.9713486317884236,0.01346335581991463,0.5413580246913581,0.057761420075504145,0.693059390667403,0.04507203495610495,0.43289992757279394,0.02098145627859387,0.7211546683768905,0.07100904856197217,0
tfidf,multinb,stratified,5,0.14057635921923434,0.06870475023656314,0.5066899150232483,0.040114689145929396,0.9329106408244623,0.06505447101514958,0.0882716049382716,0.07331400169189134,0.15354591088683803,0.1174781884615911,0.13641365718445359,0.0632936643075412,0.5320079097856876,0.029892786002711443,0
tfidf,complnb,stratified,5,0.14057635921923434,0.06870475023656314,0.5066899150232483,0.040114689145929396,0.9329106408244623,0.06505447101514958,0.0882716049382716,0.07331400169189134,0.15354591088683803,0.1174781884615911,0.13641365718445359,0.0632936643075412,0.5320079097856876,0.029892786002711443,0
count,logreg,group,5,0.9897186147186146,0.008106053381417316,0.9945165945165945,0.004323228470089251,1.0,0.0,0.9890331890331889,0.008646456940178487,0.9944673171013605,0.004380872624068716,0.9608500542884106,0.029175939551539368,1.0,0.0,1
count,linsvc,group,5,1.0,0.0,1.0,0.0,1.0,0.0,1.0,0.0,1.0,0.0,1.0,0.0,1.0,0.0,1
count,multinb,group,5,0.3507305194805195,0.05464862980827987,0.6270562770562771,0.02679335454462503,0.9916666666666666,0.016666666666666653,0.31125541125541123,0.06562233698586112,0.46954693861344926,0.06900427133774989,0.31135533066461574,0.03211286338103488,0.7566484261289456,0.05004058839652011,1
count,complnb,group,5,0.3507305194805195,0.05464862980827987,0.6270562770562771,0.02679335454462503,0.9916666666666666,0.016666666666666653,0.31125541125541123,0.06562233698586112,0.46954693861344926,0.06900427133774989,0.31135533066461574,0.03211286338103488,0.7566484261289456,0.05004058839652011,1
tfidf,logreg,group,5,0.44848484848484854,0.05708460264821095,0.5624242424242424,0.06500264881231442,0.9556062552831783,0.020659247358027204,0.43220779220779215,0.06498330098759983,0.5920644291761411,0.06272592303956241,0.3637126759983079,0.033897581411429845,0.6705225414316323,0.04852799726394488,1
tfidf,linsvc,group,5,0.3762987012987013,0.061681582852428266,0.601096681096681,0.06261847192882253,0.9753565062388592,0.023135854103148043,0.3441847041847042,0.06966857592219385,0.5044140391560077,0.07560677227101043,0.32558783886462594,0.040849368661081034,0.8011788884516158,0.07964619607637262,1
tfidf,multinb,group,5,0.22169913419913417,0.15059054230452149,0.5412698412698413,0.05303582933971687,0.5792241379310344,0.47336177852150424,0.17604617604617606,0.16669618623781776,0.26360145261932943,0.2357647241978186,0.1963113760007513,0.12353667957855963,0.7119507380546342,0.08184688178413835,1
tfidf,complnb,group,5,0.22169913419913417,0.15059054230452149,0.5412698412698413,0.05303582933971687,0.5792241379310344,0.47336177852150424,0.17604617604617606,0.16669618623781776,0.26360145261932943,0.2357647241978186,0.1963113760007513,0.12353667957855963,0.7119507380546342,0.08184688178413835,1
count,logreg,stratified,5,0.9930535310379494,0.008507667083691025,0.9962962962962962,0.004536092116265165,1.0,0.0,0.9925925925925926,0.009072184232530275,0.9962616822429906,0.004578485500529305,0.9736308411214953,0.032305166923260645,1.0,0.0,1
count,linsvc,stratified,5,1.0,0.0,1.0,0.0,1.0,0.0,1.0,0.0,1.0,0.0,1.0,0.0,1.0,0.0,1
count,multinb,stratified,5,0.38473318254167715,0.10588592393895248,0.5498196248196248,0.09440838940495533,0.9485968284498207,0.026544162982828138,0.36111111111111105,0.10836806098088117,0.5153281336356497,0.11397603525370995,0.32529884791953345,0.07420686258386067,0.6429987707765485,0.05498279600584916,1
count,complnb,stratified,5,0.38473318254167715,0.10588592393895248,0.5498196248196248,0.09440838940495533,0.9485968284498207,0.026544162982828138,0.36111111111111105,0.10836806098088117,0.5153281336356497,0.11397603525370995,0.32529884791953345,0.07420686258386067,0.6429987707765485,0.054982796005849176,1
tfidf,logreg,stratified,5,0.4727335176342464,0.07347351086358063,0.5361191277857944,0.08362762064862991,0.9453153350404403,0.020543085069167147,0.46358024691358024,0.07651333546837613,0.6185994532747785,0.07653049574766213,0.37328592813687567,0.049692878955100855,0.6437870771204104,0.0790922496764905,1
tfidf,linsvc,stratified,5,0.5601105805478763,0.06691351026841093,0.6348645181978515,0.07437601160484685,0.9664927995696073,0.01459333578509535,0.5493827160493827,0.06792928713450513,0.6984123175593047,0.057518864574373246,0.4360283591961145,0.04653985196822439,0.7204465287798621,0.07853045145063373,1
tfidf,multinb,stratified,5,0.12676049258607688,0.035642745185869656,0.477665544332211,0.03341340631494621,0.8994970506660416,0.0657558890327398,0.07654320987654321,0.039303104641312606,0.13877675829499547,0.06401263561780719,0.12530605343688545,0.032923569241407095,0.6142670087114532,0.10120764167568465,1
tfidf,complnb,stratified,5,0.12676049258607688,0.035642745185869656,0.477665544332211,0.03341340631494621,0.8994970506660416,0.0657558890327398,0.07654320987654321,0.039303104641312606,0.13877675829499547,0.06401263561780719,0.12530605343688545,0.032923569241407095,0.6142670087114532,0.10120764167568465,1
count,logreg,group,5,0.9920454545454547,0.009055328096880234,0.9957575757575757,0.004829508318336159,1.0,0.0,0.9915151515151515,0.00965901663667227,0.9957158045761162,0.00488577652779122,0.9700469830485673,0.0333488670598958,1.0,0.0,2
count,linsvc,group,5,1.0,0.0,1.0,0.0,1.0,0.0,1.0,0.0,1.0,0.0,1.0,0.0,1.0,0.0,2
count,multinb,group,5,0.37029220779220784,0.08697650050207219,0.6330447330447331,0.04263555270647832,0.99125,0.01749999999999998,0.33275613275613275,0.09943743779377152,0.48920393325012784,0.10751153463339984,0.322874918046186,0.05596676938051194,0.7395608528076061,0.05336422545132001,2
count,complnb,group,5,0.37029220779220784,0.08697650050207219,0.6330447330447331,0.04263555270647832,0.99125,0.01749999999999998,0.33275613275613275,0.09943743779377152,0.48920393325012784,0.10751153463339984,0.322874918046186,0.05596676938051194,0.7395608528076061,0.05336422545132001,2
tfidf,logreg,group,5,0.45278679653679654,0.05825889362411956,0.5429004329004329,0.040375572325063704,0.949441023182634,0.010563068787252038,0.43991341991342,0.06670623439278045,0.5980481292498193,0.06443629396302704,0.3631574909558563,0.03284996559622032,0.6453344202694853,0.025033017459801306,2
tfidf,linsvc,group,5,0.36225649350649347,0.07605511299143505,0.5818903318903319,0.0562880072225367,0.9680642968142967,0.022457527070001423,0.3308802308802309,0.08502313405286481,0.48717429389255085,0.09006678034362733,0.3139444724916052,0.048579339594334074,0.7813232510635109,0.0785359432909182,2
tfidf,multinb,group,5,0.23371212121212123,0.140200855444319,0.5177777777777777,0.023207196041266122,0.7655405405405405,0.38345621488809367,0.19313131313131313,0.1583246979391797,0.2911155997118141,0.21576905292535237,0.20630623752944524,0.1096143303777738,0.6654413023244192,0.024962075249653586,2
tfidf,complnb,group,5,0.23371212121212123,0.140200855444319,0.5177777777777777,0.023207196041266122,0.7655405405405405,0.38345621488809367,0.19313131313131313,0.1583246979391797,0.2911155997118141,0.21576905292535237,0.20630623752944524,0.1096143303777738,0.6654413023244192,0.024962075249653586,2
count,logreg,stratified,5,0.999421965317919,0.0011560693641618602,0.9996913580246914,0.0006172839506172868,1.0,0.0,0.9993827160493828,0.0012345679012345735,0.9996908809891808,0.0006182380216383177,0.9976232182723681,0.0047535634552636095,1.0,0.0,2
count,linsvc,stratified,5,1.0,0.0,1.0,0.0,1.0,0.0,1.0,0.0,1.0,0.0,1.0,0.0,1.0,0.0,2
count,multinb,stratified,5,0.3790332579375052,0.09105199603127474,0.6041927208593876,0.06480510979693081,0.9697773951804592,0.020859708619018116,0.34691358024691354,0.09518190255504386,0.504324378780004,0.10649261529125303,0.3274177452803252,0.06494410514114628,0.6920381059269948,0.026350764970880545,2
count,complnb,stratified,5,0.3790332579375052,0.09105199603127474,0.6041927208593876,0.06480510979693081,0.9697773951804592,0.020859708619018116,0.34691358024691354,0.09518190255504386,0.504324378780004,0.10649261529125303,0.3274177452803252,0.06494410514114628,0.6920381059269948,0.026350764970880514,2
tfidf,logreg,stratified,5,0.49592862528273435,0.015143926538403903,0.5664943081609748,0.031361540796789954,0.9538610591103222,0.006647000271869407,0.48580246913580244,0.01346754582053791,0.6436642161114714,0.012959585080029689,0.3911302572173855,0.0133983875057849,0.6150566511677623,0.031356068300650984,2
tfidf,linsvc,stratified,5,0.56999748680573,0.0398147197708844,0.6276174442841109,0.04574831252553436,0.9652726528383008,0.010285117397929039,0.5617283950617284,0.04438439015369764,0.7091021746462121,0.034080351291230264,0.4387481994844701,0.02445265780133853,0.749091443535888,0.04495238150626686,2
tfidf,multinb,stratified,5,0.12726983329144675,0.08760349726606272,0.48307679974346646,0.020326355727675494,0.8671626984126984,0.11340826215678476,0.0765432098765432,0.09996188879010943,0.12637537193424603,0.1507662721380376,0.11959578558474293,0.0749348828400936,0.6065656565656565,0.06441195243590885,2
tfidf,complnb,stratified,5,0.12726983329144675,0.08760349726606272,0.48307679974346646,0.020326355727675494,0.8671626984126984,0.11340826215678476,0.0765432098765432,0.09996188879010943,0.12637537193424603,0.1507662721380376,0.11959578558474293,0.0749348828400936,0.6065656565656565,0.06441195243590885,2
