cv,vectorizer,classifier,accuracy,balanced_accuracy,precision,recall,f1,f1_macro,roc_auc
group,count,complnb,0.341 ± 0.115,0.507 ± 0.009,0.306 ± 0.375,0.175 ± 0.220,0.221 ± 0.273,0.303 ± 0.127,0.593 ± 0.029
group,count,linsvc,1.000 ± 0.000,1.000 ± 0.000,1.000 ± 0.000,1.000 ± 0.000,1.000 ± 0.000,1.000 ± 0.000,1.000 ± 0.000
group,count,logreg,1.000 ± 0.000,1.000 ± 0.000,1.000 ± 0.000,1.000 ± 0.000,1.000 ± 0.000,1.000 ± 0.000,1.000 ± 0.000
group,count,multinb,0.341 ± 0.115,0.507 ± 0.009,0.306 ± 0.375,0.175 ± 0.220,0.221 ± 0.273,0.303 ± 0.127,0.593 ± 0.029
group,tfidf,complnb,0.290 ± 0.061,0.500 ± 0.000,0.200 ± 0.322,0.079 ± 0.122,0.112 ± 0.174,0.252 ± 0.081,0.601 ± 0.021
group,tfidf,linsvc,0.386 ± 0.097,0.583 ± 0.060,0.782 ± 0.286,0.190 ± 0.137,0.289 ± 0.195,0.367 ± 0.114,0.774 ± 0.055
group,tfidf,logreg,0.500 ± 0.050,0.565 ± 0.066,0.820 ± 0.076,0.434 ± 0.082,0.561 ± 0.070,0.483 ± 0.048,0.645 ± 0.038
group,tfidf,multinb,0.290 ± 0.061,0.500 ± 0.000,0.200 ± 0.322,0.079 ± 0.122,0.112 ± 0.174,0.252 ± 0.081,0.601 ± 0.021
stratified,count,complnb,0.313 ± 0.067,0.432 ± 0.043,0.612 ± 0.131,0.194 ± 0.139,0.273 ± 0.162,0.297 ± 0.065,0.426 ± 0.035
stratified,count,linsvc,1.000 ± 0.000,1.000 ± 0.000,1.000 ± 0.000,1.000 ± 0.000,1.000 ± 0.000,1.000 ± 0.000,1.000 ± 0.000
stratified,count,logreg,1.000 ± 0.000,1.000 ± 0.000,1.000 ± 0.000,1.000 ± 0.000,1.000 ± 0.000,1.000 ± 0.000,1.000 ± 0.000
stratified,count,multinb,0.313 ± 0.067,0.432 ± 0.043,0.612 ± 0.131,0.194 ± 0.139,0.273 ± 0.162,0.297 ± 0.065,0.426 ± 0.035
stratified,tfidf,complnb,0.258 ± 0.049,0.430 ± 0.033,0.332 ± 0.243,0.085 ± 0.102,0.128 ± 0.142,0.234 ± 0.060,0.436 ± 0.060
stratified,tfidf,linsvc,0.443 ± 0.060,0.537 ± 0.064,0.790 ± 0.070,0.350 ± 0.065,0.482 ± 0.073,0.438 ± 0.058,0.629 ± 0.061
stratified,tfidf,logreg,0.432 ± 0.053,0.470 ± 0.049,0.722 ± 0.045,0.394 ± 0.074,0.505 ± 0.075,0.414 ± 0.049,0.516 ± 0.064
stratified,tfidf,multinb,0.258 ± 0.049,0.430 ± 0.033,0.332 ± 0.243,0.085 ± 0.102,0.128 ± 0.142,0.234 ± 0.060,0.436 ± 0.060
