model_id,dataset,encoding,ansatz_reps,n_qubits,seed,train_accuracy,test_accuracy,final_loss,fit_seconds
iris_z_r1_q2_s0,iris,z,1,2,0,1.0,1.0,0.04947692169677146,2.8846933000022545
iris_z_r1_q2_s1,iris,z,1,2,1,1.0,1.0,0.04281836756633185,2.0896817999891937
iris_z_r1_q2_s2,iris,z,1,2,2,1.0,1.0,0.03553175618495691,2.5794449000095483
iris_z_r1_q4_s0,iris,z,1,4,0,0.9571428571428572,1.0,0.2106975704270132,3.9245188999921083
iris_z_r1_q4_s1,iris,z,1,4,1,0.9428571428571428,0.9,0.4420934289236437,4.626408600015566
iris_z_r1_q4_s2,iris,z,1,4,2,0.9714285714285714,1.0,0.23747508665981165,6.981951499998104
iris_z_r2_q2_s0,iris,z,2,2,0,1.0,1.0,0.04761328254331145,2.586788400018122
iris_z_r2_q2_s1,iris,z,2,2,1,1.0,1.0,0.041237123692230766,3.824278200016124
iris_z_r2_q2_s2,iris,z,2,2,2,1.0,1.0,0.037822991054030454,4.206648600025801
iris_z_r2_q4_s0,iris,z,2,4,0,0.9714285714285714,1.0,0.20814511131676752,8.279276499990374
iris_z_r2_q4_s1,iris,z,2,4,1,0.9571428571428572,1.0,0.2758482058329503,6.012080200016499
iris_z_r2_q4_s2,iris,z,2,4,2,1.0,1.0,0.210323903973685,7.2539911000058055
iris_z_r3_q2_s0,iris,z,3,2,0,1.0,1.0,0.042189859033241885,3.4831237999896985
iris_z_r3_q2_s1,iris,z,3,2,1,0.9714285714285714,1.0,0.21836380992727297,3.006307800009381
iris_z_r3_q2_s2,iris,z,3,2,2,1.0,1.0,0.03409494626202719,3.5935457999876235
iris_z_r3_q4_s0,iris,z,3,4,0,1.0,1.0,0.051761449226761624,8.806337699992582
iris_z_r3_q4_s1,iris,z,3,4,1,1.0,1.0,0.2598019128396987,8.703305700008059
iris_z_r3_q4_s2,iris,z,3,4,2,0.9714285714285714,0.9666666666666667,0.23884725460778752,8.774416000000201
iris_zz_r1_q2_s0,iris,zz,1,2,0,0.5857142857142857,0.6666666666666666,0.9555732691619121,2.445679900003597
iris_zz_r1_q2_s1,iris,zz,1,2,1,0.7571428571428571,0.5666666666666667,0.7843088088588555,3.262758600001689
iris_zz_r1_q2_s2,iris,zz,1,2,2,0.7857142857142857,0.6666666666666666,0.7030617362130489,1.9318577999947593
iris_zz_r1_q4_s0,iris,zz,1,4,0,0.7428571428571429,0.43333333333333335,0.8941496041694684,5.800619999994524
iris_zz_r1_q4_s1,iris,zz,1,4,1,0.5571428571428572,0.43333333333333335,0.9545111443790418,4.839475299988408
iris_zz_r1_q4_s2,iris,zz,1,4,2,0.6714285714285714,0.5,0.8230770595283684,6.665415299998131
iris_zz_r2_q2_s0,iris,zz,2,2,0,0.6428571428571429,0.6666666666666666,0.873533433401816,2.6417880000080913
iris_zz_r2_q2_s1,iris,zz,2,2,1,0.7142857142857143,0.5333333333333333,0.8733606697933335,3.5040768000180833
iris_zz_r2_q2_s2,iris,zz,2,2,2,0.7571428571428571,0.6333333333333333,0.6883161334688352,2.7775366000132635
iris_zz_r2_q4_s0,iris,zz,2,4,0,0.7428571428571429,0.6333333333333333,0.7682059394613167,8.537650999991456
iris_zz_r2_q4_s1,iris,zz,2,4,1,0.7142857142857143,0.43333333333333335,0.7779699469951359,8.535274599998957
iris_zz_r2_q4_s2,iris,zz,2,4,2,0.6714285714285714,0.6333333333333333,0.7985179891961506,6.843303600006038
iris_zz_r3_q2_s0,iris,zz,3,2,0,0.5,0.6,1.0537683940943372,3.5858875999983866
iris_zz_r3_q2_s1,iris,zz,3,2,1,0.7571428571428571,0.6333333333333333,0.736909588726912,3.8582292000064626
iris_zz_r3_q2_s2,iris,zz,3,2,2,0.7714285714285715,0.6333333333333333,0.7024248486109682,4.534237399988342
iris_zz_r3_q4_s0,iris,zz,3,4,0,0.7428571428571429,0.7666666666666667,0.7668211826976365,10.724343700014288
iris_zz_r3_q4_s1,iris,zz,3,4,1,0.8428571428571429,0.6,0.7387762962831325,10.929928999976255
iris_zz_r3_q4_s2,iris,zz,3,4,2,0.7142857142857143,0.5,0.7835676963527118,11.042730599991046
digits01_z_r1_q2_s0,digits01,z,1,2,0,0.99,1.0,0.10614910308005517,6.5975573000032455
digits01_z_r1_q2_s1,digits01,z,1,2,1,1.0,0.9907407407407407,0.08351208050673482,5.352792599995155
digits01_z_r1_q2_s2,digits01,z,1,2,2,1.0,1.0,0.07781612731893707,6.23408749999362
digits01_z_r1_q4_s0,digits01,z,1,4,0,0.91,0.9722222222222222,0.31110281608877627,14.391077699983725
digits01_z_r1_q4_s1,digits01,z,1,4,1,0.98,0.9814814814814815,0.3227657827420052,14.695416300004581
digits01_z_r1_q4_s2,digits01,z,1,4,2,0.945,0.8981481481481481,0.259481331305711,12.369499699998414
digits01_z_r2_q2_s0,digits01,z,2,2,0,1.0,1.0,0.08202465574009325,7.873064899991732
digits01_z_r2_q2_s1,digits01,z,2,2,1,1.0,0.9907407407407407,0.08233686024013519,9.92360579999513
digits01_z_r2_q2_s2,digits01,z,2,2,2,1.0,1.0,0.08189209469399562,10.49001270000008
digits01_z_r2_q4_s0,digits01,z,2,4,0,1.0,1.0,0.18926061487411613,22.50958849999006
digits01_z_r2_q4_s1,digits01,z,2,4,1,0.99,0.9907407407407407,0.14655656344951343,20.980105099995853
digits01_z_r2_q4_s2,digits01,z,2,4,2,0.955,0.9166666666666666,0.21360268304164476,20.17430789998616
digits01_z_r3_q2_s0,digits01,z,3,2,0,0.995,1.0,0.08213737073944087,11.416009900014615
digits01_z_r3_q2_s1,digits01,z,3,2,1,1.0,0.9907407407407407,0.0820024031545122,16.396909200004302
digits01_z_r3_q2_s2,digits01,z,3,2,2,1.0,1.0,0.07769919597857707,11.404293400002643
digits01_z_r3_q4_s0,digits01,z,3,4,0,0.995,1.0,0.100860783105251,22.05914590001339
digits01_z_r3_q4_s1,digits01,z,3,4,1,0.995,0.9907407407407407,0.15864915837205593,22.852278899983503
digits01_z_r3_q4_s2,digits01,z,3,4,2,1.0,1.0,0.17883240402162115,21.54670950002037
digits01_zz_r1_q2_s0,digits01,zz,1,2,0,0.84,0.8055555555555556,0.5091880558311703,5.9994245000125375
digits01_zz_r1_q2_s1,digits01,zz,1,2,1,0.835,0.8611111111111112,0.5482591045759305,5.70794539997587
digits01_zz_r1_q2_s2,digits01,zz,1,2,2,0.875,0.8703703703703703,0.5180318126438825,5.592843799997354
digits01_zz_r1_q4_s0,digits01,zz,1,4,0,0.725,0.7314814814814815,0.8432898571376731,11.925525300001027
digits01_zz_r1_q4_s1,digits01,zz,1,4,1,0.74,0.7777777777777778,0.7739031916048201,14.613722800015239
digits01_zz_r1_q4_s2,digits01,zz,1,4,2,0.78,0.7870370370370371,0.7521598138164017,13.873457499983488
digits01_zz_r2_q2_s0,digits01,zz,2,2,0,0.825,0.7962962962962963,0.5910517908192441,6.247225800005253
digits01_zz_r2_q2_s1,digits01,zz,2,2,1,0.84,0.8518518518518519,0.56414882116426,8.17956179997418
digits01_zz_r2_q2_s2,digits01,zz,2,2,2,0.84,0.8425925925925926,0.47440201327703124,8.24264530002256
digits01_zz_r2_q4_s0,digits01,zz,2,4,0,0.785,0.7222222222222222,0.6958990014694463,18.579399400012335
digits01_zz_r2_q4_s1,digits01,zz,2,4,1,0.755,0.7407407407407407,0.7113542384059337,17.515628299996024
digits01_zz_r2_q4_s2,digits01,zz,2,4,2,0.805,0.7685185185185185,0.6025241494675163,23.060713700018823
digits01_zz_r3_q2_s0,digits01,zz,3,2,0,0.855,0.7962962962962963,0.527131651909572,7.991299899993464
digits01_zz_r3_q2_s1,digits01,zz,3,2,1,0.82,0.8611111111111112,0.5789999440235513,9.34114689999842
digits01_zz_r3_q2_s2,digits01,zz,3,2,2,0.845,0.8518518518518519,0.46135481129559625,7.762716099998215
digits01_zz_r3_q4_s0,digits01,zz,3,4,0,0.89,0.8333333333333334,0.4483796138144976,1798.320856699982
digits01_zz_r3_q4_s1,digits01,zz,3,4,1,0.9,0.8981481481481481,0.5449567588713168,24.249798800010467
digits01_zz_r3_q4_s2,digits01,zz,3,4,2,0.89,0.8981481481481481,0.5283001463097016,3229.120809999993
breast_cancer_z_r1_q2_s0,breast_cancer,z,1,2,0,0.92,0.8947368421052632,0.3660246303059715,4.128108000004431
breast_cancer_z_r1_q2_s1,breast_cancer,z,1,2,1,0.935,0.9181286549707602,0.3192641750248147,6.367682000010973
breast_cancer_z_r1_q2_s2,breast_cancer,z,1,2,2,0.885,0.9239766081871345,0.40412682452508003,4.726845199998934
breast_cancer_z_r1_q4_s0,breast_cancer,z,1,4,0,0.885,0.9064327485380117,0.4563225965342279,13.14923379998072
breast_cancer_z_r1_q4_s1,breast_cancer,z,1,4,1,0.885,0.8713450292397661,0.4609600197985613,12.78340109999408
breast_cancer_z_r1_q4_s2,breast_cancer,z,1,4,2,0.875,0.9122807017543859,0.4867658769059554,9.869859500002349
breast_cancer_z_r2_q2_s0,breast_cancer,z,2,2,0,0.905,0.9005847953216374,0.41817054583574953,5.12826969998423
breast_cancer_z_r2_q2_s1,breast_cancer,z,2,2,1,0.915,0.9064327485380117,0.38674833852462953,5.3985262000060175
breast_cancer_z_r2_q2_s2,breast_cancer,z,2,2,2,0.88,0.9181286549707602,0.4132395880674787,5.589056900003925
breast_cancer_z_r2_q4_s0,breast_cancer,z,2,4,0,0.9,0.8947368421052632,0.45404381504552715,18.1625786999939
breast_cancer_z_r2_q4_s1,breast_cancer,z,2,4,1,0.9,0.8421052631578947,0.5156231520995395,13.598979999980656
breast_cancer_z_r2_q4_s2,breast_cancer,z,2,4,2,0.885,0.9122807017543859,0.5077310147483347,15.549404999997932
breast_cancer_z_r3_q2_s0,breast_cancer,z,3,2,0,0.895,0.9064327485380117,0.41781330975442194,7.356181999988621
breast_cancer_z_r3_q2_s1,breast_cancer,z,3,2,1,0.945,0.9181286549707602,0.3384054335215419,9.250910700007807
breast_cancer_z_r3_q2_s2,breast_cancer,z,3,2,2,0.89,0.9181286549707602,0.42410095702430584,7.278499799984274
breast_cancer_z_r3_q4_s0,breast_cancer,z,3,4,0,0.905,0.9181286549707602,0.45499134465020136,19.778947600018
breast_cancer_z_r3_q4_s1,breast_cancer,z,3,4,1,0.91,0.9005847953216374,0.4500167264683649,19.335039799974766
breast_cancer_z_r3_q4_s2,breast_cancer,z,3,4,2,0.855,0.8947368421052632,0.5142887405959904,19.80941850002273
breast_cancer_zz_r1_q2_s0,breast_cancer,zz,1,2,0,0.835,0.8421052631578947,0.6659823933559745,5.664300200005528
breast_cancer_zz_r1_q2_s1,breast_cancer,zz,1,2,1,0.87,0.8070175438596491,0.6353664774278962,7.413819400011562
breast_cancer_zz_r1_q2_s2,breast_cancer,zz,1,2,2,0.8,0.847953216374269,0.6384349459038063,5.871517999999924
breast_cancer_zz_r1_q4_s0,breast_cancer,zz,1,4,0,0.69,0.631578947368421,0.8067491548362107,14.212113399989903
breast_cancer_zz_r1_q4_s1,breast_cancer,zz,1,4,1,0.72,0.6374269005847953,0.8062980206462652,17.124279799987562
breast_cancer_zz_r1_q4_s2,breast_cancer,zz,1,4,2,0.75,0.7894736842105263,0.778805122386093,19.446295600006124
breast_cancer_zz_r2_q2_s0,breast_cancer,zz,2,2,0,0.815,0.8245614035087719,0.6367112421593472,10.3655018999998
breast_cancer_zz_r2_q2_s1,breast_cancer,zz,2,2,1,0.845,0.7894736842105263,0.6078468557087848,7.864481099997647
breast_cancer_zz_r2_q2_s2,breast_cancer,zz,2,2,2,0.815,0.8713450292397661,0.6194265431324826,8.471761499997228
breast_cancer_zz_r2_q4_s0,breast_cancer,zz,2,4,0,0.69,0.6374269005847953,0.8141864003515801,21.815473399998154
breast_cancer_zz_r2_q4_s1,breast_cancer,zz,2,4,1,0.65,0.5847953216374269,0.864065183566759,20.663356400007615
breast_cancer_zz_r2_q4_s2,breast_cancer,zz,2,4,2,0.795,0.8011695906432749,0.6998261972731474,20.116630200005602
breast_cancer_zz_r3_q2_s0,breast_cancer,zz,3,2,0,0.82,0.8245614035087719,0.6356603415504967,9.056205999979284
breast_cancer_zz_r3_q2_s1,breast_cancer,zz,3,2,1,0.875,0.8187134502923976,0.6069776107961478,8.772273800015682
breast_cancer_zz_r3_q2_s2,breast_cancer,zz,3,2,2,0.81,0.847953216374269,0.6125747297738584,9.626124300004449
breast_cancer_zz_r3_q4_s0,breast_cancer,zz,3,4,0,0.66,0.6783625730994152,0.771260626930077,24.721889300009934
breast_cancer_zz_r3_q4_s1,breast_cancer,zz,3,4,1,0.73,0.6374269005847953,0.7428732012087523,22.243115399993258
breast_cancer_zz_r3_q4_s2,breast_cancer,zz,3,4,2,0.78,0.7777777777777778,0.6910437869511793,24.956249700015178
