feature,mean_abs_shap,rank
gate_t,0.058273712421811945,1
gate_y,0.04164823558920219,2
gate_x,0.02265541738278901,3
gate_z,0.0196899461941037,4
op_position,0.006852999802153727,5
gate_h,0.006478180084649572,6
depth_before,0.006192813523397674,7
placement_idle,0.005664710500670351,8
mode_idle,0.005512738440140908,9
encoding_z,0.0035835615164118762,10
mode_random,0.0035540790486050956,11
size_before,0.003407068942216071,12
placement_random,0.0033776449746099964,13
family_vqc-zzfm-realamp,0.003308924240847442,14
qubit,0.0032123110030093265,15
family_vqc-zfm-realamp,0.0029822969208698783,16
encoding_zz,0.0018706727544735566,17
n_qubits,0.0017882743272589043,18
depth_delta,0.0017215733122544403,19
mode_controlled,0.0016220827442116345,20
placement_interface,0.0010953877113623472,21
size_delta,0.0,22
